Date,Name,Year,Letterboxd URI
2025-02-20,Fight Club,1999,https://boxd.it/2a9q
2025-02-20,Pulp Fiction,1994,https://boxd.it/29Pq
2025-02-20,Spider-Man: Into the Spider-Verse,2018,https://boxd.it/azpY
2025-02-20,Spider-Man: Across the Spider-Verse,2023,https://boxd.it/kSz4
2025-02-20,Challengers,2024,https://boxd.it/zld0
2025-02-20,The Grand Budapest Hotel,2014,https://boxd.it/3ZqO
2025-02-20,Nosferatu,2024,https://boxd.it/f5eG
2025-02-20,The Menu,2022,https://boxd.it/lScm
2025-02-20,Black Swan,2010,https://boxd.it/Sw0
2025-02-20,Spider-Man: No Way Home,2021,https://boxd.it/nwRw
2025-02-20,Dead Poets Society,1989,https://boxd.it/2aSg
2025-02-20,The Godfather,1972,https://boxd.it/2aNK
2025-02-20,Shutter Island,2010,https://boxd.it/1U82
2025-02-20,Hereditary,2018,https://boxd.it/hNVe
2025-02-20,Inside Out 2,2024,https://boxd.it/CFrC
2025-02-20,Good Will Hunting,1997,https://boxd.it/2ahY
2025-02-20,The Social Network,2010,https://boxd.it/17ue
2025-02-20,Scott Pilgrim vs. the World,2010,https://boxd.it/1Aq6
2025-02-20,The Shawshank Redemption,1994,https://boxd.it/2aHi
2025-02-20,Donnie Darko,2001,https://boxd.it/2b2A
2025-02-20,Blade Runner 2049,2017,https://boxd.it/b8wK
2025-02-20,Past Lives,2023,https://boxd.it/oNB8
2025-02-24,Flow,2024,https://boxd.it/v1Ei
